{
  "project_info": {
    "project_number": "963141056973",
    "project_id": "chat-app-2d56a",
    "storage_bucket": "chat-app-2d56a.appspot.com"
  },
  "client": [
    {
      "client_info": {
        "mobilesdk_app_id": "1:963141056973:android:d5adec999dc9eb46e42c84",
        "android_client_info": {
          "package_name": "com.example.chatapp"
        }
      },
      "oauth_client": [
        {
          "client_id": "963141056973-50lhtbvgl8j508kb1uhgm5htp3npsgg5.apps.googleusercontent.com",
          "client_type": 3
        }
      ],
      "api_key": [
        {
          "current_key": "AIzaSyCFUCKP6kTpwjQQlRC5fJnqDV1Ne6DepM4"
        }
      ],
      "services": {
        "appinvite_service": {
          "other_platform_oauth_client": [
            {
              "client_id": "963141056973-50lhtbvgl8j508kb1uhgm5htp3npsgg5.apps.googleusercontent.com",
              "client_type": 3
            }
          ]
        }
      }
    }
  ],
  "configuration_version": "1"
}